<?xml version="1.0"?>
<info>
  <id>aaacalstatsdashxyz</id>
  <name>Calendar Dashboard</name>
  <summary>Stats for calendars</summary>
  <description>Beta app</description>
  <version>0.4.0</version>
  <licence>agpl</licence>
  <author>Gellert Innovation</author>
  <namespace>Aaacalstatsdashxyz</namespace>
  <bootstrap>OCA\Aaacalstatsdashxyz\AppInfo\Application</bootstrap>
  <category>tools</category>
  <dependencies>
    <!-- Dev breadth: allow NC 30–32 to test locally; adjust before publishing -->
    <nextcloud min-version="30" max-version="32"/>
  </dependencies>
  <!-- Nextcloud resolves this relative to the img/ folder: img/app.svg (and img/app-dark.svg for dark mode) -->
  <icon>app.svg</icon>
</info>
