<?xml version="1.0"?>
<info>
  <id>opsdash</id>
  <name>Operational Dashboard</name>
  <summary>Stats for calendars</summary>
  <description>Beta app</description>
  <version>0.4.4</version>
  <licence>agpl</licence>
  <author>Gellert Innovation</author>
  <namespace>Opsdash</namespace>
  <bootstrap>OCA\Opsdash\AppInfo\Application</bootstrap>
  <category>tools</category>
  <dependencies>
    <!-- 0.4.x line targets NC 30–31 -->
    <nextcloud min-version="30" max-version="31"/>
  </dependencies>
  <!-- Nextcloud resolves this relative to the img/ folder: img/app.svg (and img/app-dark.svg for dark mode) -->
  <icon>app.svg</icon>
</info>
